-1.4761400010221855,-1.1827737973320367,0.5515885076987667,-0.3343781221695499,0.35024216155149995,-0.4154547102244443,0.3097963708192187,-0.099798909107257,0.23217258686276787,-0.1588085078185468,0.18215506718897853,-0.06434873287006625
-1.6177988588711254,-1.1297391584479242,0.5434515662553515,-0.3786643895033404,0.39258508360151456,-0.448869492488979,0.3529769009613488,-0.08390253872432848,0.27051935745151695,-0.13315267548584725,0.21052959208725572,-0.05487088137774299
-1.242888753558667,-1.1929942372329805,0.5072715382028975,-0.38444840625245197,0.4162752982216167,-0.3917022112849823,0.3696605161563094,-0.11478341244441692,0.2273116242540534,-0.0769537574033096,0.16319587520728315,-0.048570563109653325
-1.2399685078357194,-1.1917918037225916,0.5049911929695412,-0.38546771482279796,0.41789972662550423,-0.39299727613878055,0.3662736803235248,-0.11406332748733114,0.22940425217938326,-0.0765044361326234,0.1633353028810899,-0.046619367576326794
-1.2425550538309595,-1.1936094836702686,0.5078292252994122,-0.38354840956193764,0.4170432735436406,-0.39334171093658843,0.3678631068435536,-0.11364982520810481,0.2287658593463108,-0.07603203266378583,0.16233436855948,-0.04994937892280576
-1.242888753558667,-1.1929942372329805,0.5072715382028975,-0.38444840625245197,0.4162752982216167,-0.3917022112849823,0.3696605161563094,-0.11478341244441692,0.2273116242540534,-0.0769537574033096,0.16319587520728315,-0.048570563109653325
-1.242888753558667,-1.1929942372329805,0.5072715382028975,-0.38444840625245197,0.4162752982216167,-0.3917022112849823,0.3696605161563094,-0.11478341244441692,0.2273116242540534,-0.0769537574033096,0.16319587520728315,-0.048570563109653325
-1.5567684671139048,-1.1506106229302637,0.5221631806734625,-0.3912761078047442,0.38551619742209664,-0.4282261382643262,0.3523050820222733,-0.0871559035935079,0.27189132906839475,-0.12439448686988214,0.21029788425788015,-0.06949973700402425
-1.242888753558667,-1.1929942372329805,0.5072715382028975,-0.38444840625245197,0.4162752982216167,-0.3917022112849823,0.3696605161563094,-0.11478341244441692,0.2273116242540534,-0.0769537574033096,0.16319587520728315,-0.048570563109653325
-1.5360071871706826,-1.189225131327623,0.5237143719966375,-0.37221562111157547,0.3944641600831216,-0.4591150103309327,0.3413959001044423,-0.07712241894876394,0.2668747861230696,-0.12263473079643501,0.21950392680059252,-0.049085499773622546
-1.24432462167188,-1.1903441364308913,0.506888142570665,-0.38555313294269306,0.4196134183110659,-0.39381696563855145,0.37151457589668296,-0.11488872013601843,0.22540411019726006,-0.07802506934914402,0.16340625291203814,-0.04529275620930328
-0.6855343365828847,-1.4341628252046197,0.34008202467381454,-0.20360990606934778,0.34076215790397807,-0.5572414879860439,0.5951608852744757,-0.1197160904461234,0.09695290458451997,-0.06501750501623682,0.012237337389573118,0.29878504876454787
-1.6161465984718981,-1.134791121627898,0.5461252059209682,-0.37697812829660055,0.38922615130233124,-0.4446649295086191,0.3514779178286869,-0.08314737014421485,0.27253656522749786,-0.13058683997825285,0.21111289167644703,-0.05520955214008887
-1.0066904081220436,-1.609510432386181,0.44730186804793043,-0.1413259211863408,0.2603285542737341,-0.3998314787641645,0.32364845075795234,-0.07098822316204302,0.25259834044447305,-0.004087923779102599,0.11513504407035999,0.00232529295531437
-1.1198593371127605,-1.2523829407446472,0.5010078664398835,-0.3633142208235059,0.37707540010840385,-0.34787005377909413,0.3319600305744365,-0.11236741615130573,0.21756035164088747,-0.07923738678552544,0.16666177478374844,-0.0501205889210476
-1.242888753558667,-1.1929942372329805,0.5072715382028975,-0.38444840625245197,0.4162752982216167,-0.3917022112849823,0.3696605161563094,-0.11478341244441692,0.2273116242540534,-0.0769537574033096,0.16319587520728315,-0.048570563109653325
-1.2431265586864124,-1.192700003624098,0.5075903281212423,-0.38403147849124497,0.4152830785132471,-0.3931615807523726,0.369944468310058,-0.11600339734993256,0.22783010234788575,-0.07609218116225733,0.16379157783781087,-0.04898144146508501
-0.9117589521709296,-1.311368478531972,0.3601499487398631,-0.39737360002576805,0.5396341404576501,-0.5059953058565043,0.40254688608070377,-0.18848050591962331,0.21866165237875515,0.024883294822418748,0.11814988199235188,-0.025305441866585912
1.8831551299513736,-1.3858496592756395,0.6821868067825028,-0.3131845621690127,0.37997207937043276,-0.4018048653181978,0.3348213533276154,-0.10553449166434659,0.2876805866118085,0.013841366393510704,0.18079974778800073,0.050134755774252845
2.1373052810710713,-1.408217581271764,0.710495562586634,-0.25269864948143306,0.42351171737450394,-0.47233760205933656,0.3795727131522988,-0.15617087706894964,0.22278212163430072,0.028942239819568873,0.05780588740589261,0.09033171526696598
2.1373052810710713,-1.408217581271764,0.710495562586634,-0.25269864948143306,0.42351171737450394,-0.47233760205933656,0.3795727131522988,-0.15617087706894964,0.22278212163430072,0.028942239819568873,0.05780588740589261,0.09033171526696598
1.882725661667985,-1.3858166915028896,0.682006114239209,-0.3133564533069362,0.38001727927816387,-0.4020469693533255,0.33494926783665124,-0.1055145407832736,0.2875910172022476,0.013754815877040201,0.18078624440403734,0.050201363225549286
2.1199864563896926,-1.3969940052640828,0.7160093146993641,-0.2527800003707612,0.4305983719568486,-0.4795327435597401,0.3889334536681327,-0.1553374689646308,0.22740403348488783,0.0334612963093607,0.05524986520087384,0.09516813801860234
2.1373052810710713,-1.408217581271764,0.710495562586634,-0.25269864948143306,0.42351171737450394,-0.47233760205933656,0.3795727131522988,-0.15617087706894964,0.22278212163430072,0.028942239819568873,0.05780588740589261,0.09033171526696598
1.8810437190887335,-1.3802718301502412,0.6783745008897395,-0.31807237947271677,0.3840167508767032,-0.4020394172128388,0.3361517283171976,-0.10764267630946762,0.2891653753023285,0.013907998894145327,0.18000739832714413,0.04923090610191909
1.8833447525174127,-1.385790998376376,0.68197704629051,-0.31324634148507,0.3800309128992548,-0.4018112550521657,0.33486696921593795,-0.10551096554740541,0.28757677149522826,0.013769562484787725,0.1808195645493683,0.05019068708772598
2.160554322221243,-1.4029257384821927,0.7068277337323586,-0.25906302186391844,0.4296283034772533,-0.46830990009392776,0.38416927741394985,-0.16118736893499302,0.20827903944453607,0.023025454100743904,0.059807007664408114,0.09474879024863807
2.1375639536026583,-1.4079802640630041,0.7107753134446984,-0.25287717763687784,0.42341312374215,-0.4721759972781648,0.37975278179074967,-0.15620833985522264,0.22235462274463555,0.028579303236287906,0.05787532831045567,0.09057786243957436
2.1373052810710713,-1.408217581271764,0.710495562586634,-0.25269864948143306,0.42351171737450394,-0.47233760205933656,0.3795727131522988,-0.15617087706894964,0.22278212163430072,0.028942239819568873,0.05780588740589261,0.09033171526696598
2.1373285213165096,-1.4090201470430705,0.7104028415957895,-0.2513754530521247,0.4233613571197956,-0.4728619351941882,0.3790367597327559,-0.15600026044033222,0.223071467304993,0.029359877223931928,0.05845150879301692,0.0894876381745941
1.8828840028826683,-1.385317909721328,0.6821443277588798,-0.3137035753306244,0.3802975593124063,-0.4020359917993199,0.33532304030036586,-0.1057630347027829,0.2874791398525849,0.013917410774307862,0.1804633209778223,0.05073063231144798
1.93629768599983,-1.419739244985844,0.6632053292829688,-0.2871047626407364,0.3666590639519514,-0.4054611813886468,0.3579859579731339,-0.12265713923516144,0.28274533502289156,0.02679175406189527,0.1650108964931136,0.07739076129105243
2.1501461962825577,-1.4140961897270967,0.6962553934064197,-0.2512137203274906,0.4324273127094451,-0.47699426552293833,0.37437430530229626,-0.1481139895490914,0.22878359427213354,0.02734781613334724,0.0495375748255849,0.09042959922305926
2.1374724138301198,-1.4083836482298038,0.7101769325549284,-0.25255944715535217,0.42377427869128664,-0.47250503130195426,0.3793730507421292,-0.15599207231570633,0.22302302480414168,0.028930924729924385,0.05756875263623942,0.09032114010680527
2.1548040214426654,-1.4201608692265149,0.6803864689838364,-0.2320063085050529,0.44868415550874946,-0.4827132274657804,0.37043430882239453,-0.15224690079855327,0.21981065790310758,0.029321756074245447,0.06617437363564063,0.08201534434741976
2.137250950629292,-1.408664402202645,0.7101315691303944,-0.2520503299166509,0.4240252944011028,-0.47232178765466903,0.3794952280415553,-0.15643937961085505,0.2225739759648531,0.029163350387753455,0.05795132160842072,0.0899080340733878
1.4604050468852445,-0.42546716268031376,0.5839471326969367,-0.4993211021716724,0.9407267092284455,-0.6090126681624822,0.6546776804024541,-0.25759839038583254,0.17326861749366831,-0.023735500516804522,0.15278173121223398,-0.09974442756152367
1.4703287493763386,-0.43506699541102273,0.58957810424844,-0.4987566933123985,0.9303099084806146,-0.6020846292896568,0.650477036063418,-0.24917068496115138,0.17270662623135616,-0.02730962485099523,0.1537980194976137,-0.10289410081948074
1.9834994353108666,-0.6656649077592326,0.574653174318851,-0.4221925878765818,0.7988910149192958,-0.6012087117605113,0.6543330029791625,-0.2574271956514277,0.11332539272659446,0.07190487112172,0.07298734971020121,0.012277871129360416
1.4773900180713302,-0.4422277142121809,0.5878693006171586,-0.4944716609285316,0.9342546391883952,-0.5999161445607292,0.6440630396272639,-0.2511508691794981,0.17241809050115015,-0.025724017929412944,0.1578838428148577,-0.10172828290193545
1.9820745768872552,-0.6641122270384351,0.5743326011925771,-0.4230090720389594,0.7998227099174116,-0.602009724611622,0.6551736939563975,-0.258117694250448,0.1138071344949377,0.0724303113101248,0.07173873410394038,0.01278020842137461
1.9834994353108666,-0.6656649077592326,0.574653174318851,-0.4221925878765818,0.7988910149192958,-0.6012087117605113,0.6543330029791625,-0.2574271956514277,0.11332539272659446,0.07190487112172,0.07298734971020121,0.012277871129360416
1.9913448301629775,-0.6754826907076665,0.5730070778452836,-0.4232707080181868,0.8035125877641748,-0.5978242844770059,0.6476091959986627,-0.2540553255339643,0.11794802187678677,0.07004746114123386,0.06971424577409222,0.01696228621362789
1.9834314222289338,-0.665902984342375,0.5746504502403491,-0.4221538517590185,0.7991043340300743,-0.6010489128670791,0.6541220745449701,-0.2573752017707184,0.11340140575233458,0.07179633466251115,0.07299434184480001,0.01228818417270442
1.4611230241853341,-0.4262118951566823,0.5842022940358536,-0.4990288235323766,0.9404499095304558,-0.6083106775035814,0.6540529449362268,-0.25748038587429706,0.17333276707985462,-0.023725351131174213,0.15303897017016016,-0.09980130525082573
1.4926527920842052,-0.4582230096336295,0.5976809324559533,-0.48776282800521675,0.9193610224919291,-0.5792022478097971,0.6308674470363599,-0.2457698105483726,0.17480468948704722,-0.02850311555692008,0.16398457394281082,-0.10566634813473366
1.9834994353108666,-0.6656649077592326,0.574653174318851,-0.4221925878765818,0.7988910149192958,-0.6012087117605113,0.6543330029791625,-0.2574271956514277,0.11332539272659446,0.07190487112172,0.07298734971020121,0.012277871129360416
1.6689218279624027,-0.6228547149216047,0.6117066742889615,-0.4066610603246276,0.7972893874718197,-0.5015626058017324,0.6027534929459848,-0.2503083212183003,0.20494744215377977,-0.04334077410981507,0.13223173228475776,-0.049697833903012675
1.9834994353108666,-0.6656649077592326,0.574653174318851,-0.4221925878765818,0.7988910149192958,-0.6012087117605113,0.6543330029791625,-0.2574271956514277,0.11332539272659446,0.07190487112172,0.07298734971020121,0.012277871129360416
2.008167932725085,-0.677008439361203,0.5615283691862448,-0.41242615196204824,0.8078199035358891,-0.6166014255163798,0.6597218554846255,-0.25883655542636874,0.11341333549356841,0.0790083193372458,0.06543571930710483,0.014049757432501286
2.006699752425445,-0.6649597079382964,0.5489904898840059,-0.4156229375228743,0.8114924046836761,-0.6172975431199222,0.6488578093828611,-0.2376546985875898,0.11311564087389722,0.05032813151002371,0.0745843013964864,0.029267876676352677
1.983646010781769,-0.665659954277657,0.5744293035790121,-0.421901113388159,0.7989946977423557,-0.601667418750361,0.6542108302060927,-0.25691784019761754,0.11330772431601502,0.07140804272203036,0.07300526318174819,0.012649294074552968
1.9834994353108666,-0.6656649077592326,0.574653174318851,-0.4221925878765818,0.7988910149192958,-0.6012087117605113,0.6543330029791625,-0.2574271956514277,0.11332539272659446,0.07190487112172,0.07298734971020121,0.012277871129360416
2.006103419209011,-0.695833359627291,0.5826433461866504,-0.41428395809185686,0.7779527631162745,-0.5776062395741973,0.6353374474031135,-0.2489733891469398,0.11706627738957465,0.0638712533316928,0.08158878859713856,0.0025646982176784623
1.437217722880395,-0.40182861848631657,0.8452942653578287,-0.6011235509706625,0.5993046186430655,-0.7299271808949691,0.7593973930903952,-0.28577504261600634,0.23597558336667707,-0.024760564622172892,0.1633136979144778,0.04321168902485975
1.4366516761947874,-0.4019082308101159,0.8461002644040909,-0.6007410617945081,0.598547371876154,-0.7305628226671576,0.7597683827739344,-0.28542447844419483,0.23616488623549822,-0.024656702111914335,0.16340209719807836,0.04291487830160136
0.8174967592232593,-0.09023287636175885,0.7280818124340713,-0.7564055643813846,0.7566592511792872,-0.9231903877129234,0.829669952808627,-0.31920068761922554,0.27934665581094015,-0.07501424163748527,0.2362801644249407,0.03212792371795555
1.4366516761947874,-0.4019082308101159,0.8461002644040909,-0.6007410617945081,0.598547371876154,-0.7305628226671576,0.7597683827739344,-0.28542447844419483,0.23616488623549822,-0.024656702111914335,0.16340209719807836,0.04291487830160136
0.8673756712453293,-0.138633212443023,0.7460017732347285,-0.7386216577698204,0.7147234458141282,-0.8764287519193208,0.7912666029146437,-0.3045365130101897,0.2818006520088466,-0.09384892066862556,0.25955204420426775,0.014279570839862315
1.4366516761947874,-0.4019082308101159,0.8461002644040909,-0.6007410617945081,0.598547371876154,-0.7305628226671576,0.7597683827739344,-0.28542447844419483,0.23616488623549822,-0.024656702111914335,0.16340209719807836,0.04291487830160136
1.534219323487021,-0.45935018736524186,0.7848466234921226,-0.5301278972591722,0.5896810071670375,-0.7902183062624413,0.8156493074464535,-0.29077849107541337,0.2380972452732509,-0.014902615769022846,0.10004959274628146,0.1499326993958689
1.4352539987953765,-0.4001329148197024,0.8450075519193398,-0.6010989495195477,0.600237664358024,-0.7329823798410559,0.7611180476154314,-0.2852053212644719,0.23595024307202642,-0.024223199183041652,0.16257137075364353,0.043713204693701393
0.8468007081550876,-0.11774841516211146,0.7351159323271012,-0.7492139232755263,0.7420537743543479,-0.9051198231344841,0.8075949145716592,-0.3028576297139266,0.27481998679562636,-0.08114254431752616,0.24853933512883936,0.025282781687591342
0.8179332232398197,-0.09079329675020452,0.7285361435397603,-0.7563389314644535,0.7561252887031144,-0.9227651448413675,0.8291934437603962,-0.318557262216404,0.279032986172106,-0.07528007495288704,0.23671921084075162,0.031925549434049745
1.4735465919939268,-0.4171245023481376,0.8226394117656212,-0.5830138573323739,0.6195053031697947,-0.7586364610257944,0.7601559360602931,-0.2789585560521252,0.23822373349883175,-0.02495378098130602,0.14696792956869284,0.06846287509768197
1.436226902330182,-0.401822722262047,0.8466223892311903,-0.6004625014182989,0.5982107588916714,-0.7311042202036692,0.7602124384442984,-0.28522454619967674,0.23593812131342545,-0.024873074815601054,0.16342172407102193,0.04351389565626572
1.4366516761947874,-0.4019082308101159,0.8461002644040909,-0.6007410617945081,0.598547371876154,-0.7305628226671576,0.7597683827739344,-0.28542447844419483,0.23616488623549822,-0.024656702111914335,0.16340209719807836,0.04291487830160136
1.4659271991841831,-0.4189176260317846,0.8284822674775878,-0.5999616864016427,0.6203716785496254,-0.7273441277392175,0.7501825835043427,-0.2796479298735511,0.22374130519339797,-0.02202301479139851,0.1677983836182509,0.05575098609919397
1.1492262055870728,-0.43089232599133775,0.7990849795308762,-0.605138470455278,0.5244257781374888,-0.7364432427458646,0.7362053988117692,-0.31284889737206856,0.31855031442040393,-0.09148073922323757,0.20492890887740065,0.09821432108027359
1.4366516761947874,-0.4019082308101159,0.8461002644040909,-0.6007410617945081,0.598547371876154,-0.7305628226671576,0.7597683827739344,-0.28542447844419483,0.23616488623549822,-0.024656702111914335,0.16340209719807836,0.04291487830160136
1.437860575586516,-0.4030877373949259,0.846572213096083,-0.6002078262423457,0.5977267125853571,-0.7293817165274213,0.7589441413737097,-0.2848781287421348,0.23629380838614641,-0.025049516755699327,0.16399160318837164,0.04254871499815591
1.4366516761947874,-0.4019082308101159,0.8461002644040909,-0.6007410617945081,0.598547371876154,-0.7305628226671576,0.7597683827739344,-0.28542447844419483,0.23616488623549822,-0.024656702111914335,0.16340209719807836,0.04291487830160136
1.5415617878942633,-0.7652633227793022,0.8121242730414797,-0.5286284823642925,0.46152198268011146,-0.4575186052750301,0.24870524174220485,-0.3194675755265306,0.2110443140583295,-0.20064885584132683,0.2326883778789632,-0.08127580951160293
1.7712198161185988,-0.6651708621313966,0.7780965155944956,-0.6136058326746957,0.49639534074465314,-0.5985655174844016,0.30116742161797133,-0.3566535145976893,0.20406086454061692,-0.11682304653008506,0.20249415645642227,-0.02514449446402519
1.5743459421612913,-0.7889676327211161,0.8124054117328977,-0.5151796956064717,0.4517790058691134,-0.44474582427100184,0.24450499185467098,-0.31561664332166556,0.20611766780639207,-0.20032772740263652,0.2301201938021355,-0.08132612009136686
1.7712198161185988,-0.6651708621313966,0.7780965155944956,-0.6136058326746957,0.49639534074465314,-0.5985655174844016,0.30116742161797133,-0.3566535145976893,0.20406086454061692,-0.11682304653008506,0.20249415645642227,-0.02514449446402519
1.7885023163664147,-0.6605225707736969,0.7755715413731454,-0.6254573122589999,0.4938587648701119,-0.5976888617730333,0.30354461322469667,-0.3462172985959358,0.19748922561614415,-0.12398743159618895,0.19963533811117826,-0.0201133786244714
1.7713306993864293,-0.6648274492845029,0.7782456556048749,-0.6140761800725102,0.4962170086429525,-0.5984038868374074,0.3012056778027704,-0.3564387853310946,0.20393364380469522,-0.1170281623782277,0.20251015298891695,-0.025193037535192028
1.7708211654983848,-0.6648974381591837,0.7788833042393505,-0.6140650676833126,0.4958620053579193,-0.5985296737242116,0.30100911634020866,-0.35680135873668195,0.20437261833919856,-0.11614852358933958,0.202409345294349,-0.025827427387002222
1.8049150640615668,-0.6644532501696979,0.7473603264285757,-0.6069280752781349,0.5167456771062505,-0.6299324793237971,0.2793319986178171,-0.3278520254663601,0.21751689846475197,-0.12785916054440183,0.20995825588371186,-0.020508936060318367
1.660602174016252,-0.8602768986947623,0.8005658172057597,-0.4780860627215467,0.4170186232311809,-0.4404014872892262,0.2318565416384904,-0.2972884751464289,0.20857489914027444,-0.19910246209415516,0.22815433773413077,-0.07158323203680134
1.5415145413367337,-0.7648564637314073,0.8122610921844116,-0.5293041526235722,0.4610133104435409,-0.4563925882962,0.24763292279980298,-0.3189505752400441,0.21157409216787604,-0.20107555333615623,0.23314324285068083,-0.08239112857861976
1.7712198161185988,-0.6651708621313966,0.7780965155944956,-0.6136058326746957,0.49639534074465314,-0.5985655174844016,0.30116742161797133,-0.3566535145976893,0.20406086454061692,-0.11682304653008506,0.20249415645642227,-0.02514449446402519
1.7999194264967886,-0.6936597452351492,0.7740128134072016,-0.6078382704472323,0.47568161359466,-0.5873557457237055,0.2870353924271954,-0.3561918858162683,0.1999410248527862,-0.12132448858650047,0.2032122069302103,-0.029714930199144604
1.8482299881788415,-0.7034698968239836,0.7280363058163427,-0.5548853733962132,0.49614180736659,-0.6381642837311793,0.3444656456290692,-0.3722386526073023,0.19716293252401043,-0.11479642350605242,0.16671710998887762,0.060640132585138354
1.7702709852216945,-0.6639308093156963,0.7777864305640557,-0.6141168828390489,0.4972882096289107,-0.5989037225533668,0.3014895794987152,-0.3572154420268058,0.2042247184188063,-0.11683497260840739,0.2021218876859587,-0.02425017834147797
1.5572703692062535,-0.7742811141708783,0.8090879394091889,-0.5216226814952964,0.4581249293907122,-0.45825055039051266,0.24988782149025277,-0.31496601010441133,0.20999545528540192,-0.20204739526946303,0.2336036103269713,-0.07942666955674757
1.5417074516956233,-0.765029208745189,0.8118670076561963,-0.5287065015268556,0.46158760068223437,-0.4575886562515821,0.24877874288303237,-0.31932996074552145,0.21114484361622063,-0.2007967324038369,0.23269963336390168,-0.08131339054203386
1.7712198161185988,-0.6651708621313966,0.7780965155944956,-0.6136058326746957,0.49639534074465314,-0.5985655174844016,0.30116742161797133,-0.3566535145976893,0.20406086454061692,-0.11682304653008506,0.20249415645642227,-0.02514449446402519
1.8060412768025815,-0.6805164049605258,0.7525280044366947,-0.607416214920413,0.5067756669763185,-0.6075294503034999,0.3158948087412243,-0.36729185712217705,0.19261167544436836,-0.09990536173881415,0.19594857532323848,-0.022096817475848476
-0.7377733832963401,-0.3844562557232932,1.3382395084727203,-0.6794738210616612,0.6760426361244317,-0.40394595744932993,0.41155228970141855,-0.038544077639215094,0.30767065602421284,-0.16097144985085685,0.20705908840249312,-0.10885531109537679
-0.44472686348768403,-0.37252764584529036,1.222038005497069,-0.6299493538117238,0.7013122951436349,-0.4694716732927022,0.5316142123866111,-0.08756384731489605,0.22090758843161196,-0.1757989446641536,0.16916217735784356,-0.05258077069503071
-0.6807410372101228,-0.434786442365974,1.3390710741187941,-0.6565477679259931,0.6422860395996868,-0.3818020600419489,0.40677199297105365,-0.05476369501291988,0.3161500721578436,-0.147715822269219,0.19841371906041058,-0.10439716313588528
-0.10793989319685801,-0.8560812084873103,1.1058469016832237,-0.23783082169187109,0.4619459216813204,-0.44255571555335765,0.5473043820050199,-0.1532265765335927,0.30365566214691475,-0.05184333354332066,0.09447942784833463,0.015309804644271738
-0.6420654619549223,-0.44974099318770705,1.3020382929228642,-0.6509530207918289,0.6757015307809415,-0.40989425858278083,0.4065377524637321,-0.0218834775373973,0.2944777922961703,-0.15945801546234428,0.2193286307492992,-0.09865001964923242
-0.44472686348768403,-0.37252764584529036,1.222038005497069,-0.6299493538117238,0.7013122951436349,-0.4694716732927022,0.5316142123866111,-0.08756384731489605,0.22090758843161196,-0.1757989446641536,0.16916217735784356,-0.05258077069503071
-0.42529437194841324,-0.3873980986688136,1.2264646285442997,-0.6148768049643075,0.6896155775530465,-0.4569278956288044,0.5341569256676095,-0.08008480115444706,0.22177558026660638,-0.18452845393969614,0.17481655326372406,-0.05515147995124864
-0.44472686348768403,-0.37252764584529036,1.222038005497069,-0.6299493538117238,0.7013122951436349,-0.4694716732927022,0.5316142123866111,-0.08756384731489605,0.22090758843161196,-0.1757989446641536,0.16916217735784356,-0.05258077069503071
-0.6866672772400912,-0.4283883213161444,1.340774109293032,-0.6664859321609409,0.6509536841822641,-0.38204928151987133,0.3998576362082407,-0.047429418514474395,0.31415474418790645,-0.15044152552466222,0.20284184513584738,-0.10694301564711849
-0.6995713634371643,-0.3877122840937795,1.3062858680980798,-0.6858741686456329,0.6843350392725585,-0.391271916478091,0.40196030583515985,-0.054845286662412125,0.3153557440049382,-0.1438003385130532,0.2114794110090045,-0.12124518029868624
-0.44472686348768403,-0.37252764584529036,1.222038005497069,-0.6299493538117238,0.7013122951436349,-0.4694716732927022,0.5316142123866111,-0.08756384731489605,0.22090758843161196,-0.1757989446641536,0.16916217735784356,-0.05258077069503071
-0.14296784415001948,-0.501587402780356,1.0297488723964299,-0.5399112352734695,0.7567725162786907,-0.522242177279399,0.6125348332214856,-0.1492683129091934,0.15439894907587437,-0.06269649595575091,0.12124458953394428,-0.055681067800094484
-0.2630028602618532,-0.4582793908805508,1.120428691812706,-0.5569600161158749,0.6985042624149995,-0.5017817129147593,0.5355587419669019,-0.05983169313751189,0.2483390517602091,-0.1734988944825717,0.10660585914583354,-0.024968397575614743
-0.44472686348768403,-0.37252764584529036,1.222038005497069,-0.6299493538117238,0.7013122951436349,-0.4694716732927022,0.5316142123866111,-0.08756384731489605,0.22090758843161196,-0.1757989446641536,0.16916217735784356,-0.05258077069503071
-0.4444230389986682,-0.37304572706833905,1.2212830298156327,-0.6282753607032336,0.7025293384441754,-0.4717349243978617,0.5314622835932533,-0.08551057478669964,0.21917163076412496,-0.1776762858403452,0.17098104966887256,-0.05121747433709104
-0.44472686348768403,-0.37252764584529036,1.222038005497069,-0.6299493538117238,0.7013122951436349,-0.4694716732927022,0.5316142123866111,-0.08756384731489605,0.22090758843161196,-0.1757989446641536,0.16916217735784356,-0.05258077069503071
-0.44384230793062357,-0.37175467639405807,1.2202769192705263,-0.6310329534112245,0.7036476075816273,-0.4711967741982788,0.5313154690061562,-0.08380808456245548,0.21902434058638873,-0.17786852353662205,0.17079803054895254,-0.05322933220567968
-0.44472686348768403,-0.37252764584529036,1.222038005497069,-0.6299493538117238,0.7013122951436349,-0.4694716732927022,0.5316142123866111,-0.08756384731489605,0.22090758843161196,-0.1757989446641536,0.16916217735784356,-0.05258077069503071
-0.3682877536201052,-0.9565983160271501,0.7877452872286435,-0.47175575649163803,0.5447453987070049,-0.6144999548637232,0.3269563794683446,-0.20363681397648367,0.20457472206597058,-0.05565382794002208,0.1706208568496603,-0.04640448952193708
-0.7497754695868193,-0.8204911806450074,1.044905327056236,-0.5193855933563433,0.3891110376855204,-0.5894702826878594,0.25903862737176336,-0.14011446638091862,0.28370310057599685,-0.12568507913869717,0.2296060735345803,-0.07836036160863111
-0.7497754695868193,-0.8204911806450074,1.044905327056236,-0.5193855933563433,0.3891110376855204,-0.5894702826878594,0.25903862737176336,-0.14011446638091862,0.28370310057599685,-0.12568507913869717,0.2296060735345803,-0.07836036160863111
-0.752761323321709,-0.8188106837575828,1.0454761435140016,-0.5212292601092041,0.3898443789807358,-0.5904629683369075,0.2591331279086801,-0.1400498713392674,0.2834196297551571,-0.12587415663121176,0.22988845650842432,-0.07813198833839628
-0.6574375761872402,-1.1298512354612473,1.0237655251509177,-0.46702189150735396,0.2743767718097362,-0.4571453978792552,0.1699066841281193,-0.16713825213792632,0.28131195598197034,-0.04667057438488723,0.23347010341755967,-0.030229707936138266
-0.7497754695868193,-0.8204911806450074,1.044905327056236,-0.5193855933563433,0.3891110376855204,-0.5894702826878594,0.25903862737176336,-0.14011446638091862,0.28370310057599685,-0.12568507913869717,0.2296060735345803,-0.07836036160863111
-0.6389855809412492,-1.1698554502729799,1.0437474919760183,-0.4422221345512344,0.2644423278610953,-0.463547607612083,0.16614455290193625,-0.16586800045796682,0.27507373857662853,-0.041841374574261625,0.23558213984432017,-0.023885188436810697
-0.6471319671044587,-1.1639955881345507,1.0538110492132582,-0.44318334760302774,0.28657457736645026,-0.4752058881870018,0.1584331509575184,-0.16144259791810192,0.27319774317834244,-0.04371610513037575,0.23645084430496388,-0.02626384012482444
-0.7497754695868193,-0.8204911806450074,1.044905327056236,-0.5193855933563433,0.3891110376855204,-0.5894702826878594,0.25903862737176336,-0.14011446638091862,0.28370310057599685,-0.12568507913869717,0.2296060735345803,-0.07836036160863111
-0.7484809262739868,-0.8203873951150886,1.0442007170315843,-0.5185732562888908,0.3874119927128931,-0.5915228527540541,0.26104988539396007,-0.13774408343497085,0.28289136622141536,-0.12721782433602602,0.2303598394025158,-0.07720205794979271
-0.7497754695868193,-0.8204911806450074,1.044905327056236,-0.5193855933563433,0.3891110376855204,-0.5894702826878594,0.25903862737176336,-0.14011446638091862,0.28370310057599685,-0.12568507913869717,0.2296060735345803,-0.07836036160863111
-0.055018261937457485,-1.2317215551000593,0.782955787413274,-0.18977953361076297,0.17640917853228963,-0.6764231701231357,0.49012689056526343,-0.1402510750294744,0.14366064151277544,-0.1184780288766152,0.15536142325126642,0.1794118158213359
-0.24165952764563572,-1.397774258471036,0.8205686059400871,-0.2230206613603584,0.23821263310273363,-0.5347860832497494,0.2667392426514115,-0.2257211514186261,0.22573747504325747,0.05622085379737977,0.17530954052263845,0.04193595701757103
-0.6371528321926623,-1.1693798397600095,1.0392906897345089,-0.4402824221191025,0.265569422504797,-0.46509026678551874,0.16805273696320575,-0.16721523993361642,0.2745092004744711,-0.04204906279428021,0.23642523183124062,-0.022752162034757994
-0.7194128499214957,-1.1027168132132514,1.0833383552575608,-0.4609126080399085,0.28598836874294997,-0.4669825062602432,0.17786792086618666,-0.160760452070958,0.28237679420393186,-0.0481144443791282,0.2376547834801463,-0.02622154045347548
-0.7497754695868193,-0.8204911806450074,1.044905327056236,-0.5193855933563433,0.3891110376855204,-0.5894702826878594,0.25903862737176336,-0.14011446638091862,0.28370310057599685,-0.12568507913869717,0.2296060735345803,-0.07836036160863111
-0.7497754695868193,-0.8204911806450074,1.044905327056236,-0.5193855933563433,0.3891110376855204,-0.5894702826878594,0.25903862737176336,-0.14011446638091862,0.28370310057599685,-0.12568507913869717,0.2296060735345803,-0.07836036160863111
-0.5331989700877561,-0.8691680136341138,0.8968791809502846,-0.5140740031512385,0.4047548832613486,-0.6060271764754057,0.28644777056219084,-0.11894661204287753,0.27719881628537313,-0.1266210232383737,0.19243177345434384,-0.03582978157736826
