-6.4261465075531605,-1.1061320911808465,0.6576302633576792,-0.40559184555430555,0.8430829709310996,-0.7308511242679416,0.5872927309293771,-0.407004983034417,0.01134907794508638,-0.00048724588544673425,-0.1527964488164495,-0.06465542001549648
-6.4753419859158505,-1.0710800227016848,0.6344200037081479,-0.4325667977853161,0.8718217695731177,-0.7863459435898459,0.6093699269211001,-0.42778644268205135,-0.008021214546476509,0.015362772559204187,-0.19004709836736927,-0.05247079796751059
-6.4753419859158505,-1.0710800227016848,0.6344200037081479,-0.4325667977853161,0.8718217695731177,-0.7863459435898459,0.6093699269211001,-0.42778644268205135,-0.008021214546476509,0.015362772559204187,-0.19004709836736927,-0.05247079796751059
-3.1473826380560905,-2.83208171546212,-0.34187337615726504,-0.0129442280433535,0.24470992109381318,-0.3655875707314043,0.3864123287730738,-0.19096487788544822,0.13011905709148652,0.05132012183517126,-0.4046017987830642,-0.11857198728448479
-6.423593954183514,-1.086609168966121,0.5786506157005668,-0.43619922191435273,0.8973807991696046,-0.7986234341613074,0.6096528996145376,-0.45748087695341566,-0.0023175518087931693,0.053789713572226144,-0.18493950119850805,-0.05496017942684839
-6.4753419859158505,-1.0710800227016848,0.6344200037081479,-0.4325667977853161,0.8718217695731177,-0.7863459435898459,0.6093699269211001,-0.42778644268205135,-0.008021214546476509,0.015362772559204187,-0.19004709836736927,-0.05247079796751059
-6.4753419859158505,-1.0710800227016848,0.6344200037081479,-0.4325667977853161,0.8718217695731177,-0.7863459435898459,0.6093699269211001,-0.42778644268205135,-0.008021214546476509,0.015362772559204187,-0.19004709836736927,-0.05247079796751059
-6.346054935123785,-1.0610693378525624,0.5213539677365459,-0.4288728079204603,0.9032286425974886,-0.8348659875919865,0.5825131952807008,-0.37191252233871325,-0.0029534953133569164,-0.025296355739195905,-0.14678868029774544,-0.006170538844976286
-6.9757762839386155,-0.791021274252819,0.5776957991894877,-0.537042712801003,0.9444885931013414,-0.8960236286392298,0.6167330449020159,-0.5197231433183775,0.00974497163426304,-0.12405106327704131,-0.14974422445931743,-0.15310116991151015
-5.106502217435587,-1.06467754371833,0.9839266167912046,-0.10669271199722465,0.4328308996717671,-0.2631123701926385,0.14961168120300758,-0.322414830481534,0.0635259666329558,-0.14404122943310413,0.12777572527569392,-0.13779525541469145
-6.4753419859158505,-1.0710800227016848,0.6344200037081479,-0.4325667977853161,0.8718217695731177,-0.7863459435898459,0.6093699269211001,-0.42778644268205135,-0.008021214546476509,0.015362772559204187,-0.19004709836736927,-0.05247079796751059
-6.985946125979484,-0.7652031850954577,0.5581093033710708,-0.5370337080389719,0.9743741705880824,-0.9156706624111574,0.6497550190264737,-0.5277988781419463,0.023331517038989037,-0.09700051547920033,-0.16120093921212197,-0.13398650396352368
-6.4753419859158505,-1.0710800227016848,0.6344200037081479,-0.4325667977853161,0.8718217695731177,-0.7863459435898459,0.6093699269211001,-0.42778644268205135,-0.008021214546476509,0.015362772559204187,-0.19004709836736927,-0.05247079796751059
-6.207488853801465,-1.1990163958913989,0.5449322050115253,-0.3203417430593072,0.7501928020560201,-0.7645756938296547,0.6805442937675114,-0.4407637117031344,-0.00021330485373118968,-0.05966755306597017,-0.21703022236810626,0.10666546011878258
-6.4753419859158505,-1.0710800227016848,0.6344200037081479,-0.4325667977853161,0.8718217695731177,-0.7863459435898459,0.6093699269211001,-0.42778644268205135,-0.008021214546476509,0.015362772559204187,-0.19004709836736927,-0.05247079796751059
-6.424136075861546,-1.079243632658181,0.6346290749053712,-0.4471800810063321,0.839997458567992,-0.7784971202286999,0.6163617528922513,-0.3964247837397229,-0.020426526461540927,-0.009171110726707295,-0.18461613149972023,-0.038400713014650485
-5.470982539039009,-1.3128910285250874,0.1284334443331342,-0.982966828224778,0.8914666214695542,-0.3645562961466007,0.4062710041740593,-0.29391725554353443,0.13756783792411886,-0.3354881092851488,-0.10694801557370404,-0.4081057492571693
-6.953746169831667,-0.7833783700017923,0.5660355648532913,-0.5589941476022798,0.9551021742884004,-0.88024095921615,0.6332790129737795,-0.4993684222258397,0.01375071100540861,-0.10874977457381221,-0.1585776619317025,-0.15319125716412446
-2.211591587359895,-0.44444571871392097,0.8378406986538173,-0.5751656200403521,0.8319337452597929,-0.7319018994709271,0.7013767743065125,-0.32094881212722604,0.20732578441516203,-0.0521639475080717,-0.045877981099892814,-0.06722787941217448
-2.212248467709841,-0.4486799091032255,0.8410142283758951,-0.571560744627105,0.8308514796475176,-0.7338134987490088,0.7015976788945518,-0.31686954297524866,0.20507192913951247,-0.05258969518136753,-0.04370410702347382,-0.06905587711952606
-2.4921632172559764,-0.5420996951582717,0.9540010222341078,-0.5972789364362538,0.7244255990084791,-0.5628887001738284,0.5054973383284027,-0.20120573705331535,0.2148556366330401,-0.10592192604249195,0.13343826219157923,-0.1955651972610911
-2.342828663839456,-0.615742626537097,0.8824371690816376,-0.5466982695041459,0.719854038160323,-0.5812952211506132,0.5221840395943296,-0.15833342845339268,0.22076108564739758,-0.11445863202263303,0.1661460988856458,-0.17159099030414734
-2.212248467709841,-0.4486799091032255,0.8410142283758951,-0.571560744627105,0.8308514796475176,-0.7338134987490088,0.7015976788945518,-0.31686954297524866,0.20507192913951247,-0.05258969518136753,-0.04370410702347382,-0.06905587711952606
-2.4675635061858916,-0.5692621079853651,0.958295888505334,-0.5823811526582537,0.7063667051630836,-0.5477105980766551,0.501542340961374,-0.20856634431476945,0.2180615955027216,-0.1074589818606483,0.13238897124266286,-0.18880447628222424
-2.212248467709841,-0.4486799091032255,0.8410142283758951,-0.571560744627105,0.8308514796475176,-0.7338134987490088,0.7015976788945518,-0.31686954297524866,0.20507192913951247,-0.05258969518136753,-0.04370410702347382,-0.06905587711952606
-2.2086882699789117,-0.4469001017629839,0.831323352755139,-0.5627122693618887,0.8308868954137535,-0.7450249592063293,0.7131929586005854,-0.32006143808105475,0.20632262259962988,-0.05314564409735822,-0.05003077213497362,-0.05991098260536217
-2.2065446318678568,-0.45529817220952956,0.8427475837789041,-0.5696257109082628,0.8257900306143195,-0.7277349922206946,0.6969552455159803,-0.3153241946381163,0.2058977985286622,-0.05532031209888448,-0.0406110025046675,-0.07123521679952537
-2.0239577869979852,-0.6519689229874995,0.8883632470064712,-0.506193275819949,0.6806558373158046,-0.5568751904246103,0.5753098079166745,-0.27629386146446394,0.22309471430406755,-0.11432796421146404,0.02626579457333538,-0.11932237562519013
-2.340513464141962,-0.6379066745883158,0.9522997654580243,-0.6113958022082502,0.6871375320392717,-0.49164661417247657,0.4526830714613565,-0.18265237055749284,0.22928345270992992,-0.11210460196367174,0.13718428074098724,-0.21081665945881398
-2.489764211006403,-0.5460634459583087,0.9568093402018972,-0.5963492825987982,0.7222967996683698,-0.5618079375768286,0.5034696141662199,-0.19987848341565853,0.21390277848475606,-0.10748106285184154,0.13384924276844282,-0.19528936254735513
-2.212248467709841,-0.4486799091032255,0.8410142283758951,-0.571560744627105,0.8308514796475176,-0.7338134987490088,0.7015976788945518,-0.31686954297524866,0.20507192913951247,-0.05258969518136753,-0.04370410702347382,-0.06905587711952606
-2.2098576774330927,-0.44928304884212583,0.836995565310964,-0.5701034587061994,0.833386688951088,-0.7339911693271574,0.7024631181645251,-0.31762015457992865,0.2030825865999688,-0.05202120204435723,-0.04288788087883028,-0.06836217892746685
-2.212248467709841,-0.4486799091032255,0.8410142283758951,-0.571560744627105,0.8308514796475176,-0.7338134987490088,0.7015976788945518,-0.31686954297524866,0.20507192913951247,-0.05258969518136753,-0.04370410702347382,-0.06905587711952606
-2.4868048290861138,-0.5479257256574618,0.9559740102262003,-0.5957402670067384,0.7215765188814987,-0.559395217094324,0.502583724318912,-0.20047687594217706,0.21463270964702585,-0.1072351505038626,0.13351736317803686,-0.19587359560266995
-2.206627821801272,-0.44999134376271244,0.836081105936549,-0.5687092841959752,0.835359882929027,-0.7395734908996536,0.6974428618948119,-0.31242690138471724,0.20632762779472089,-0.05510910951450036,-0.04108606481979468,-0.06697825304210522
-2.212248467709841,-0.4486799091032255,0.8410142283758951,-0.571560744627105,0.8308514796475176,-0.7338134987490088,0.7015976788945518,-0.31686954297524866,0.20507192913951247,-0.05258969518136753,-0.04370410702347382,-0.06905587711952606
1.9834994353108666,-0.6656649077592326,0.574653174318851,-0.4221925878765818,0.7988910149192958,-0.6012087117605113,0.6543330029791625,-0.2574271956514277,0.11332539272659446,0.07190487112172,0.07298734971020121,0.012277871129360416
1.4703287493763386,-0.43506699541102273,0.58957810424844,-0.4987566933123985,0.9303099084806146,-0.6020846292896568,0.650477036063418,-0.24917068496115138,0.17270662623135616,-0.02730962485099523,0.1537980194976137,-0.10289410081948074
2.008167932725085,-0.677008439361203,0.5615283691862448,-0.41242615196204824,0.8078199035358891,-0.6166014255163798,0.6597218554846255,-0.25883655542636874,0.11341333549356841,0.0790083193372458,0.06543571930710483,0.014049757432501286
1.9838329836082187,-0.6658416799254643,0.5744490186114857,-0.42187819638064716,0.7989801402218608,-0.6015836972918505,0.6545205967752349,-0.25748952454978885,0.11334170551023567,0.07206003672106302,0.07281303792943979,0.012307932680686792
1.9842048165001447,-0.666618783604031,0.5749051716681353,-0.4219341729278996,0.7982087009787281,-0.6004540412563266,0.653738572228668,-0.257175021181215,0.11345581512243368,0.07164000880531704,0.07328477656317145,0.011938764892652326
2.006103419209011,-0.695833359627291,0.5826433461866504,-0.41428395809185686,0.7779527631162745,-0.5776062395741973,0.6353374474031135,-0.2489733891469398,0.11706627738957465,0.0638712533316928,0.08158878859713856,0.0025646982176784623
2.006699752425445,-0.6649597079382964,0.5489904898840059,-0.4156229375228743,0.8114924046836761,-0.6172975431199222,0.6488578093828611,-0.2376546985875898,0.11311564087389722,0.05032813151002371,0.0745843013964864,0.029267876676352677
1.9834994353108666,-0.6656649077592326,0.574653174318851,-0.4221925878765818,0.7988910149192958,-0.6012087117605113,0.6543330029791625,-0.2574271956514277,0.11332539272659446,0.07190487112172,0.07298734971020121,0.012277871129360416
1.4611230241853341,-0.4262118951566823,0.5842022940358536,-0.4990288235323766,0.9404499095304558,-0.6083106775035814,0.6540529449362268,-0.25748038587429706,0.17333276707985462,-0.023725351131174213,0.15303897017016016,-0.09980130525082573
1.4926527920842052,-0.4582230096336295,0.5976809324559533,-0.48776282800521675,0.9193610224919291,-0.5792022478097971,0.6308674470363599,-0.2457698105483726,0.17480468948704722,-0.02850311555692008,0.16398457394281082,-0.10566634813473366
1.9834994353108666,-0.6656649077592326,0.574653174318851,-0.4221925878765818,0.7988910149192958,-0.6012087117605113,0.6543330029791625,-0.2574271956514277,0.11332539272659446,0.07190487112172,0.07298734971020121,0.012277871129360416
1.6689218279624027,-0.6228547149216047,0.6117066742889615,-0.4066610603246276,0.7972893874718197,-0.5015626058017324,0.6027534929459848,-0.2503083212183003,0.20494744215377977,-0.04334077410981507,0.13223173228475776,-0.049697833903012675
1.9913448301629775,-0.6754826907076665,0.5730070778452836,-0.4232707080181868,0.8035125877641748,-0.5978242844770059,0.6476091959986627,-0.2540553255339643,0.11794802187678677,0.07004746114123386,0.06971424577409222,0.01696228621362789
1.9834314222289338,-0.665902984342375,0.5746504502403491,-0.4221538517590185,0.7991043340300743,-0.6010489128670791,0.6541220745449701,-0.2573752017707184,0.11340140575233458,0.07179633466251115,0.07299434184480001,0.01228818417270442
1.9834994353108666,-0.6656649077592326,0.574653174318851,-0.4221925878765818,0.7988910149192958,-0.6012087117605113,0.6543330029791625,-0.2574271956514277,0.11332539272659446,0.07190487112172,0.07298734971020121,0.012277871129360416
1.4605997719689034,-0.42566609216804124,0.5838982433322073,-0.4992333192991666,0.9408822463638348,-0.6089478319907534,0.6544775596419387,-0.25765210795991356,0.17324312260571553,-0.02365967738977701,0.1528970886195279,-0.0997293700113401
2.0102629949385245,-0.672801079370778,0.5517271339783077,-0.4028069456449378,0.7865265477878021,-0.6163605164792799,0.6922912950503037,-0.29201346008154083,0.14477095235200407,0.07774365479139576,0.015393563191681522,0.0731336401888348
1.9834994353108666,-0.6656649077592326,0.574653174318851,-0.4221925878765818,0.7988910149192958,-0.6012087117605113,0.6543330029791625,-0.2574271956514277,0.11332539272659446,0.07190487112172,0.07298734971020121,0.012277871129360416
1.496509320303688,-0.40681321389522634,0.7698083471566046,-0.5951348602589348,0.6591402721468808,-0.7362669460153489,0.727733634315717,-0.27317237308994274,0.24263074016830027,-0.04944496255091849,0.158497945036052,0.07063584985766806
1.437217722880395,-0.40182861848631657,0.8452942653578287,-0.6011235509706625,0.5993046186430655,-0.7299271808949691,0.7593973930903952,-0.28577504261600634,0.23597558336667707,-0.024760564622172892,0.1633136979144778,0.04321168902485975
1.4366516761947874,-0.4019082308101159,0.8461002644040909,-0.6007410617945081,0.598547371876154,-0.7305628226671576,0.7597683827739344,-0.28542447844419483,0.23616488623549822,-0.024656702111914335,0.16340209719807836,0.04291487830160136
1.4659271991841831,-0.4189176260317846,0.8284822674775878,-0.5999616864016427,0.6203716785496254,-0.7273441277392175,0.7501825835043427,-0.2796479298735511,0.22374130519339797,-0.02202301479139851,0.1677983836182509,0.05575098609919397
1.4366516761947874,-0.4019082308101159,0.8461002644040909,-0.6007410617945081,0.598547371876154,-0.7305628226671576,0.7597683827739344,-0.28542447844419483,0.23616488623549822,-0.024656702111914335,0.16340209719807836,0.04291487830160136
1.4746322429292456,-0.43917650646977496,0.8615167772297438,-0.5844444294492428,0.5730585284731297,-0.6936957022325181,0.7341830857260865,-0.26841903773082565,0.2400955448804154,-0.03635092460492582,0.18030761787943106,0.033307928253233025
1.4366516761947874,-0.4019082308101159,0.8461002644040909,-0.6007410617945081,0.598547371876154,-0.7305628226671576,0.7597683827739344,-0.28542447844419483,0.23616488623549822,-0.024656702111914335,0.16340209719807836,0.04291487830160136
0.8468007081550876,-0.11774841516211146,0.7351159323271012,-0.7492139232755263,0.7420537743543479,-0.9051198231344841,0.8075949145716592,-0.3028576297139266,0.27481998679562636,-0.08114254431752616,0.24853933512883936,0.025282781687591342
1.4366516761947874,-0.4019082308101159,0.8461002644040909,-0.6007410617945081,0.598547371876154,-0.7305628226671576,0.7597683827739344,-0.28542447844419483,0.23616488623549822,-0.024656702111914335,0.16340209719807836,0.04291487830160136
1.4735465919939268,-0.4171245023481376,0.8226394117656212,-0.5830138573323739,0.6195053031697947,-0.7586364610257944,0.7601559360602931,-0.2789585560521252,0.23822373349883175,-0.02495378098130602,0.14696792956869284,0.06846287509768197
1.4366516761947874,-0.4019082308101159,0.8461002644040909,-0.6007410617945081,0.598547371876154,-0.7305628226671576,0.7597683827739344,-0.28542447844419483,0.23616488623549822,-0.024656702111914335,0.16340209719807836,0.04291487830160136
0.8185719066012056,-0.09140131628334111,0.7287867081907019,-0.7560375996917766,0.7554210904760851,-0.9220196342588866,0.8287744974077492,-0.31865395585998135,0.2792933970078207,-0.0757100599507916,0.23707089227808292,0.03161719505288445
1.4366516761947874,-0.4019082308101159,0.8461002644040909,-0.6007410617945081,0.598547371876154,-0.7305628226671576,0.7597683827739344,-0.28542447844419483,0.23616488623549822,-0.024656702111914335,0.16340209719807836,0.04291487830160136
1.534219323487021,-0.45935018736524186,0.7848466234921226,-0.5301278972591722,0.5896810071670375,-0.7902183062624413,0.8156493074464535,-0.29077849107541337,0.2380972452732509,-0.014902615769022846,0.10004959274628146,0.1499326993958689
1.4366516761947874,-0.4019082308101159,0.8461002644040909,-0.6007410617945081,0.598547371876154,-0.7305628226671576,0.7597683827739344,-0.28542447844419483,0.23616488623549822,-0.024656702111914335,0.16340209719807836,0.04291487830160136
0.8214254395792778,-0.09601730679324162,0.7321006512455377,-0.7548186931898393,0.7502441296134215,-0.9168844035937752,0.8261437328572008,-0.3186477739138484,0.2816065535439022,-0.07813297831445373,0.23795515262462527,0.031977525035219674
0.8361033008967852,-0.10216633295331218,0.7211275917254393,-0.7505338404722325,0.7529136036043637,-0.9093736971562553,0.8159722972877463,-0.32179933647720615,0.2877842341084166,-0.07716579887683649,0.24038764307301863,0.02482532105393124
0.8174967592232593,-0.09023287636175885,0.7280818124340713,-0.7564055643813846,0.7566592511792872,-0.9231903877129234,0.829669952808627,-0.31920068761922554,0.27934665581094015,-0.07501424163748527,0.2362801644249407,0.03212792371795555
1.7712198161185988,-0.6651708621313966,0.7780965155944956,-0.6136058326746957,0.49639534074465314,-0.5985655174844016,0.30116742161797133,-0.3566535145976893,0.20406086454061692,-0.11682304653008506,0.20249415645642227,-0.02514449446402519
1.771348004949469,-0.6652121709642231,0.7779226068510543,-0.6137150852588094,0.49633697433313667,-0.5984886068741376,0.30155936509182263,-0.35701794287739547,0.20377555059296695,-0.11648057612975406,0.2025390165742127,-0.0251368885951204
1.7721435530663474,-0.6660694119557433,0.7779317663395858,-0.6134038099661028,0.4957474460152854,-0.5982234569614845,0.30072792574734986,-0.356636269266864,0.20393302425937931,-0.11696712945442522,0.20253397475318335,-0.025323851859266455
1.7712198161185988,-0.6651708621313966,0.7780965155944956,-0.6136058326746957,0.49639534074465314,-0.5985655174844016,0.30116742161797133,-0.3566535145976893,0.20406086454061692,-0.11682304653008506,0.20249415645642227,-0.02514449446402519
1.5415617878942633,-0.7652633227793022,0.8121242730414797,-0.5286284823642925,0.46152198268011146,-0.4575186052750301,0.24870524174220485,-0.3194675755265306,0.2110443140583295,-0.20064885584132683,0.2326883778789632,-0.08127580951160293
1.5496717242432547,-0.778974811066075,0.8175179005809129,-0.5216354148824921,0.4581742408223539,-0.45616428190826047,0.24573851067117194,-0.31823388229424737,0.20797899235543504,-0.1984924871889505,0.23379886256522425,-0.07907051193915568
1.7885023163664147,-0.6605225707736969,0.7755715413731454,-0.6254573122589999,0.4938587648701119,-0.5976888617730333,0.30354461322469667,-0.3462172985959358,0.19748922561614415,-0.12398743159618895,0.19963533811117826,-0.0201133786244714
1.7712198161185988,-0.6651708621313966,0.7780965155944956,-0.6136058326746957,0.49639534074465314,-0.5985655174844016,0.30116742161797133,-0.3566535145976893,0.20406086454061692,-0.11682304653008506,0.20249415645642227,-0.02514449446402519
1.660602174016252,-0.8602768986947623,0.8005658172057597,-0.4780860627215467,0.4170186232311809,-0.4404014872892262,0.2318565416384904,-0.2972884751464289,0.20857489914027444,-0.19910246209415516,0.22815433773413077,-0.07158323203680134
1.7712198161185988,-0.6651708621313966,0.7780965155944956,-0.6136058326746957,0.49639534074465314,-0.5985655174844016,0.30116742161797133,-0.3566535145976893,0.20406086454061692,-0.11682304653008506,0.20249415645642227,-0.02514449446402519
1.8482299881788415,-0.7034698968239836,0.7280363058163427,-0.5548853733962132,0.49614180736659,-0.6381642837311793,0.3444656456290692,-0.3722386526073023,0.19716293252401043,-0.11479642350605242,0.16671710998887762,0.060640132585138354
1.7702709852216945,-0.6639308093156963,0.7777864305640557,-0.6141168828390489,0.4972882096289107,-0.5989037225533668,0.3014895794987152,-0.3572154420268058,0.2042247184188063,-0.11683497260840739,0.2021218876859587,-0.02425017834147797
1.7712198161185988,-0.6651708621313966,0.7780965155944956,-0.6136058326746957,0.49639534074465314,-0.5985655174844016,0.30116742161797133,-0.3566535145976893,0.20406086454061692,-0.11682304653008506,0.20249415645642227,-0.02514449446402519
1.7708211654983848,-0.6648974381591837,0.7788833042393505,-0.6140650676833126,0.4958620053579193,-0.5985296737242116,0.30100911634020866,-0.35680135873668195,0.20437261833919856,-0.11614852358933958,0.202409345294349,-0.025827427387002222
1.542342244986844,-0.7655731551931514,0.8119058277178265,-0.528427005754942,0.4613445903493759,-0.4572064787977886,0.24871323198102424,-0.31942351108514,0.2109958619409656,-0.20067206522851938,0.23254084243865886,-0.08137323075182071
1.7712198161185988,-0.6651708621313966,0.7780965155944956,-0.6136058326746957,0.49639534074465314,-0.5985655174844016,0.30116742161797133,-0.3566535145976893,0.20406086454061692,-0.11682304653008506,0.20249415645642227,-0.02514449446402519
1.5572703692062535,-0.7742811141708783,0.8090879394091889,-0.5216226814952964,0.4581249293907122,-0.45825055039051266,0.24988782149025277,-0.31496601010441133,0.20999545528540192,-0.20204739526946303,0.2336036103269713,-0.07942666955674757
1.5417074516956233,-0.765029208745189,0.8118670076561963,-0.5287065015268556,0.46158760068223437,-0.4575886562515821,0.24877874288303237,-0.31932996074552145,0.21114484361622063,-0.2007967324038369,0.23269963336390168,-0.08131339054203386
-0.4444230389986682,-0.37304572706833905,1.2212830298156327,-0.6282753607032336,0.7025293384441754,-0.4717349243978617,0.5314622835932533,-0.08551057478669964,0.21917163076412496,-0.1776762858403452,0.17098104966887256,-0.05121747433709104
-0.17831158050189932,-0.42034880002934727,0.9316371293020883,-0.5326173594115546,0.877872847595107,-0.5865432068547302,0.4704991095880974,-0.011802943276795649,0.19526405203258657,-0.2230915531450147,0.22534949511589544,-0.004771161889951247
-0.7377733832963401,-0.3844562557232932,1.3382395084727203,-0.6794738210616612,0.6760426361244317,-0.40394595744932993,0.41155228970141855,-0.038544077639215094,0.30767065602421284,-0.16097144985085685,0.20705908840249312,-0.10885531109537679
-0.6875255445472921,-0.42838922051612865,1.3415668597977293,-0.6667447183500396,0.651089046039185,-0.38198008915476367,0.39967277953594604,-0.04703523250104371,0.3141669142931553,-0.15100696630792296,0.2028472959527459,-0.10676888256224205
-0.44472686348768403,-0.37252764584529036,1.222038005497069,-0.6299493538117238,0.7013122951436349,-0.4694716732927022,0.5316142123866111,-0.08756384731489605,0.22090758843161196,-0.1757989446641536,0.16916217735784356,-0.05258077069503071
-0.4444481417246154,-0.3726612091586825,1.222132303864632,-0.629724496569651,0.7012910605666157,-0.46932143407181065,0.5317510962674284,-0.08722148706845632,0.22078291210426038,-0.1760339845465227,0.1694120690999768,-0.05272371505197071
-0.6866672772400912,-0.4283883213161444,1.340774109293032,-0.6664859321609409,0.6509536841822641,-0.38204928151987133,0.3998576362082407,-0.047429418514474395,0.31415474418790645,-0.15044152552466222,0.20284184513584738,-0.10694301564711849
-0.44472686348768403,-0.37252764584529036,1.222038005497069,-0.6299493538117238,0.7013122951436349,-0.4694716732927022,0.5316142123866111,-0.08756384731489605,0.22090758843161196,-0.1757989446641536,0.16916217735784356,-0.05258077069503071
0.20223007873042287,-0.794018057772379,0.9472148554561036,-0.21873349447332724,0.48505639839882286,-0.5599457101457683,0.758703307480491,-0.12156815757135153,0.1665819312094324,-0.18853576210506792,0.06301686125274672,0.19612347140028635
-0.44384230793062357,-0.37175467639405807,1.2202769192705263,-0.6310329534112245,0.7036476075816273,-0.4711967741982788,0.5313154690061562,-0.08380808456245548,0.21902434058638873,-0.17786852353662205,0.17079803054895254,-0.05322933220567968
-0.14296784415001948,-0.501587402780356,1.0297488723964299,-0.5399112352734695,0.7567725162786907,-0.522242177279399,0.6125348332214856,-0.1492683129091934,0.15439894907587437,-0.06269649595575091,0.12124458953394428,-0.055681067800094484
-0.44517929737473627,-0.3724937014056605,1.2239622528449559,-0.6312297506438782,0.6991203395476818,-0.4677475058399659,0.5338580244222477,-0.08877888448428169,0.21847802454057635,-0.17430649861276887,0.17023366573943818,-0.05384241628842866
-0.44472686348768403,-0.37252764584529036,1.222038005497069,-0.6299493538117238,0.7013122951436349,-0.4694716732927022,0.5316142123866111,-0.08756384731489605,0.22090758843161196,-0.1757989446641536,0.16916217735784356,-0.05258077069503071
-0.10793989319685801,-0.8560812084873103,1.1058469016832237,-0.23783082169187109,0.4619459216813204,-0.44255571555335765,0.5473043820050199,-0.1532265765335927,0.30365566214691475,-0.05184333354332066,0.09447942784833463,0.015309804644271738
-0.6420654619549223,-0.44974099318770705,1.3020382929228642,-0.6509530207918289,0.6757015307809415,-0.40989425858278083,0.4065377524637321,-0.0218834775373973,0.2944777922961703,-0.15945801546234428,0.2193286307492992,-0.09865001964923242
-0.6850096381671816,-0.43026493089521606,1.3410611536026964,-0.6661099385568316,0.6505620273389559,-0.381560015202712,0.3994037133775738,-0.04681816673204109,0.31400907890129104,-0.1509753039826071,0.2030886570426922,-0.10636072846261063
-0.44472686348768403,-0.37252764584529036,1.222038005497069,-0.6299493538117238,0.7013122951436349,-0.4694716732927022,0.5316142123866111,-0.08756384731489605,0.22090758843161196,-0.1757989446641536,0.16916217735784356,-0.05258077069503071
-0.44392309861590656,-0.37306768855498323,1.2217959232304705,-0.6292363676022587,0.7009443585378764,-0.46982364383338815,0.5309099451620312,-0.08632807027347035,0.22209162254100645,-0.1765878351130325,0.16808469645323115,-0.05243592508131819
-0.3682877536201052,-0.9565983160271501,0.7877452872286435,-0.47175575649163803,0.5447453987070049,-0.6144999548637232,0.3269563794683446,-0.20363681397648367,0.20457472206597058,-0.05565382794002208,0.1706208568496603,-0.04640448952193708
-0.7470264959039261,-0.8215248194507214,1.04360080986881,-0.5199096440159049,0.3904134147932052,-0.58773170707307,0.2594732554474362,-0.14134310971253713,0.28307422540726923,-0.12608166420005085,0.22907225970855585,-0.07742843075195717
-0.7497754695868193,-0.8204911806450074,1.044905327056236,-0.5193855933563433,0.3891110376855204,-0.5894702826878594,0.25903862737176336,-0.14011446638091862,0.28370310057599685,-0.12568507913869717,0.2296060735345803,-0.07836036160863111
-0.6471319671044587,-1.1639955881345507,1.0538110492132582,-0.44318334760302774,0.28657457736645026,-0.4752058881870018,0.1584331509575184,-0.16144259791810192,0.27319774317834244,-0.04371610513037575,0.23645084430496388,-0.02626384012482444
-0.7497754695868193,-0.8204911806450074,1.044905327056236,-0.5193855933563433,0.3891110376855204,-0.5894702826878594,0.25903862737176336,-0.14011446638091862,0.28370310057599685,-0.12568507913869717,0.2296060735345803,-0.07836036160863111
-0.24165952764563572,-1.397774258471036,0.8205686059400871,-0.2230206613603584,0.23821263310273363,-0.5347860832497494,0.2667392426514115,-0.2257211514186261,0.22573747504325747,0.05622085379737977,0.17530954052263845,0.04193595701757103
-0.6574375761872402,-1.1298512354612473,1.0237655251509177,-0.46702189150735396,0.2743767718097362,-0.4571453978792552,0.1699066841281193,-0.16713825213792632,0.28131195598197034,-0.04667057438488723,0.23347010341755967,-0.030229707936138266
-0.7497754695868193,-0.8204911806450074,1.044905327056236,-0.5193855933563433,0.3891110376855204,-0.5894702826878594,0.25903862737176336,-0.14011446638091862,0.28370310057599685,-0.12568507913869717,0.2296060735345803,-0.07836036160863111
-0.7497754695868193,-0.8204911806450074,1.044905327056236,-0.5193855933563433,0.3891110376855204,-0.5894702826878594,0.25903862737176336,-0.14011446638091862,0.28370310057599685,-0.12568507913869717,0.2296060735345803,-0.07836036160863111
-0.7432383123421549,-0.8252899633449384,1.0430476277449026,-0.5140054466804662,0.38524461330101806,-0.5919189832946657,0.2621724515348262,-0.13947271915378676,0.2806227340251491,-0.12367739024043825,0.23027200433880332,-0.08045168492644611
-0.7194128499214957,-1.1027168132132514,1.0833383552575608,-0.4609126080399085,0.28598836874294997,-0.4669825062602432,0.17786792086618666,-0.160760452070958,0.28237679420393186,-0.0481144443791282,0.2376547834801463,-0.02622154045347548
-0.7497754695868193,-0.8204911806450074,1.044905327056236,-0.5193855933563433,0.3891110376855204,-0.5894702826878594,0.25903862737176336,-0.14011446638091862,0.28370310057599685,-0.12568507913869717,0.2296060735345803,-0.07836036160863111
-0.43977084485034307,-0.8239488837266331,0.7349985907613377,-0.5037489581937059,0.4978463112339618,-0.681288408868199,0.2838776810853913,-0.026134506447876894,0.2369105773344218,-0.20892822292212143,0.28615613528176137,-0.006894509712811108
-0.7484809262739868,-0.8203873951150886,1.0442007170315843,-0.5185732562888908,0.3874119927128931,-0.5915228527540541,0.26104988539396007,-0.13774408343497085,0.28289136622141536,-0.12721782433602602,0.2303598394025158,-0.07720205794979271
-0.7497754695868193,-0.8204911806450074,1.044905327056236,-0.5193855933563433,0.3891110376855204,-0.5894702826878594,0.25903862737176336,-0.14011446638091862,0.28370310057599685,-0.12568507913869717,0.2296060735345803,-0.07836036160863111
-0.5331989700877561,-0.8691680136341138,0.8968791809502846,-0.5140740031512385,0.4047548832613486,-0.6060271764754057,0.28644777056219084,-0.11894661204287753,0.27719881628537313,-0.1266210232383737,0.19243177345434384,-0.03582978157736826
-0.8415185747441217,-0.7635131050739506,1.0589025621943788,-0.5783342328616169,0.4184131673439408,-0.6227474631045876,0.2623786295573777,-0.13620974505782762,0.2712351067870394,-0.12567183578495766,0.23731768024078503,-0.07622461833638454
-0.7497754695868193,-0.8204911806450074,1.044905327056236,-0.5193855933563433,0.3891110376855204,-0.5894702826878594,0.25903862737176336,-0.14011446638091862,0.28370310057599685,-0.12568507913869717,0.2296060735345803,-0.07836036160863111
